{
  "best_threshold_by_f1": 0.6,
  "f1_score": 0.35673426937077485,
  "precision": 0.2542624166048925,
  "recall": 0.5975609756097561,
  "predicted_positive_rate": 0.4047
}