{
  "project": "Netflix_Prediction",
  "model_name": "CatBoost",
  "selection_metric": "pr_auc",
  "test_set_label": "test",
  "stored_threshold": 0.5,
  "metrics": {
    "accuracy": 0.4142,
    "precision": 0.207579185520362,
    "recall": 0.8524970963995354,
    "f1_score": 0.33386399818057766,
    "roc_auc": 0.6382785177901825,
    "pr_auc": 0.2443810530423357,
    "log_loss": 0.7647825701826562,
    "predicted_positive_rate": 0.7072,
    "threshold": 0.5
  }
}