{
  "roc_auc": 0.8443746932237982,
  "f1_score": 0.6157575757575757,
  "pr_auc": 0.6583534174617631,
  "log_loss": 0.4842078212526892,
  "accuracy": 0.7750177430801988,
  "precision": 0.5631929046563193,
  "recall": 0.679144385026738
}